timestamp,topic,lag
2026-06-03 05:43:58.091262,queries,7
2026-06-03 05:43:58.091262,queries.retry,0
2026-06-03 05:43:58.091262,queries.dlq,0
2026-06-03 05:44:00.098639,queries,47
2026-06-03 05:44:00.098639,queries.retry,3
2026-06-03 05:44:00.098639,queries.dlq,0
2026-06-03 05:44:02.103399,queries,87
2026-06-03 05:44:02.103399,queries.retry,6
2026-06-03 05:44:02.103399,queries.dlq,0
2026-06-03 05:44:04.111978,queries,127
2026-06-03 05:44:04.111978,queries.retry,10
2026-06-03 05:44:04.111978,queries.dlq,0
2026-06-03 05:44:06.117644,queries,167
2026-06-03 05:44:06.117644,queries.retry,13
2026-06-03 05:44:06.117644,queries.dlq,0
2026-06-03 05:44:08.121244,queries,207
2026-06-03 05:44:08.121244,queries.retry,17
2026-06-03 05:44:08.121244,queries.dlq,0
2026-06-03 05:44:10.125789,queries,247
2026-06-03 05:44:10.125789,queries.retry,21
2026-06-03 05:44:10.125789,queries.dlq,0
2026-06-03 05:44:12.130397,queries,287
2026-06-03 05:44:12.130397,queries.retry,25
2026-06-03 05:44:12.130397,queries.dlq,0
2026-06-03 05:44:14.134050,queries,290
2026-06-03 05:44:14.134050,queries.retry,27
2026-06-03 05:44:14.134050,queries.dlq,0
2026-06-03 05:44:16.140336,queries,330
2026-06-03 05:44:16.140336,queries.retry,34
2026-06-03 05:44:16.140336,queries.dlq,1
2026-06-03 05:44:18.147163,queries,370
2026-06-03 05:44:18.147163,queries.retry,45
2026-06-03 05:44:18.147163,queries.dlq,1
2026-06-03 05:44:20.152203,queries,410
2026-06-03 05:44:20.152203,queries.retry,57
2026-06-03 05:44:20.152203,queries.dlq,1
2026-06-03 05:44:22.157450,queries,450
2026-06-03 05:44:22.157450,queries.retry,69
2026-06-03 05:44:22.157450,queries.dlq,1
2026-06-03 05:44:24.164803,queries,407
2026-06-03 05:44:24.164803,queries.retry,64
2026-06-03 05:44:24.164803,queries.dlq,1
2026-06-03 05:44:26.171014,queries,404
2026-06-03 05:44:26.171014,queries.retry,69
2026-06-03 05:44:26.171014,queries.dlq,1
2026-06-03 05:44:28.178167,queries,444
2026-06-03 05:44:28.178167,queries.retry,81
2026-06-03 05:44:28.178167,queries.dlq,1
2026-06-03 05:44:30.183690,queries,452
2026-06-03 05:44:30.183690,queries.retry,93
2026-06-03 05:44:30.183690,queries.dlq,2
2026-06-03 05:44:32.188313,queries,492
2026-06-03 05:44:32.188313,queries.retry,103
2026-06-03 05:44:32.188313,queries.dlq,2
2026-06-03 05:44:34.193872,queries,532
2026-06-03 05:44:34.193872,queries.retry,113
2026-06-03 05:44:34.193872,queries.dlq,2
2026-06-03 05:44:36.199379,queries,522
2026-06-03 05:44:36.199379,queries.retry,122
2026-06-03 05:44:36.199379,queries.dlq,4
2026-06-03 05:44:38.205280,queries,511
2026-06-03 05:44:38.205280,queries.retry,130
2026-06-03 05:44:38.205280,queries.dlq,4
2026-06-03 05:44:40.210818,queries,551
2026-06-03 05:44:40.210818,queries.retry,136
2026-06-03 05:44:40.210818,queries.dlq,5
2026-06-03 05:44:42.216256,queries,591
2026-06-03 05:44:42.216256,queries.retry,142
2026-06-03 05:44:42.216256,queries.dlq,5
2026-06-03 05:44:44.220424,queries,631
2026-06-03 05:44:44.220424,queries.retry,150
2026-06-03 05:44:44.220424,queries.dlq,5
2026-06-03 05:44:46.225101,queries,671
2026-06-03 05:44:46.225101,queries.retry,156
2026-06-03 05:44:46.225101,queries.dlq,6
2026-06-03 05:44:48.230801,queries,711
2026-06-03 05:44:48.230801,queries.retry,164
2026-06-03 05:44:48.230801,queries.dlq,6
2026-06-03 05:44:50.236662,queries,751
2026-06-03 05:44:50.236662,queries.retry,172
2026-06-03 05:44:50.236662,queries.dlq,8
2026-06-03 05:44:52.242447,queries,791
2026-06-03 05:44:52.242447,queries.retry,183
2026-06-03 05:44:52.242447,queries.dlq,8
2026-06-03 05:44:54.248350,queries,797
2026-06-03 05:44:54.248350,queries.retry,180
2026-06-03 05:44:54.248350,queries.dlq,8
2026-06-03 05:44:56.254591,queries,837
2026-06-03 05:44:56.254591,queries.retry,190
2026-06-03 05:44:56.254591,queries.dlq,8
2026-06-03 05:44:58.260021,queries,822
2026-06-03 05:44:58.260021,queries.retry,158
2026-06-03 05:44:58.260021,queries.dlq,8
2026-06-03 05:45:00.266321,queries,862
2026-06-03 05:45:00.266321,queries.retry,166
2026-06-03 05:45:00.266321,queries.dlq,8
2026-06-03 05:45:02.271414,queries,901
2026-06-03 05:45:02.271414,queries.retry,176
2026-06-03 05:45:02.271414,queries.dlq,8
2026-06-03 05:45:04.277562,queries,941
2026-06-03 05:45:04.277562,queries.retry,186
2026-06-03 05:45:04.277562,queries.dlq,8
2026-06-03 05:45:06.283262,queries,937
2026-06-03 05:45:06.283262,queries.retry,190
2026-06-03 05:45:06.283262,queries.dlq,8
2026-06-03 05:45:08.288489,queries,927
2026-06-03 05:45:08.288489,queries.retry,199
2026-06-03 05:45:08.288489,queries.dlq,8
2026-06-03 05:45:10.292739,queries,967
2026-06-03 05:45:10.292739,queries.retry,206
2026-06-03 05:45:10.292739,queries.dlq,8
2026-06-03 05:45:12.297516,queries,1007
2026-06-03 05:45:12.297516,queries.retry,212
2026-06-03 05:45:12.297516,queries.dlq,9
2026-06-03 05:45:14.302323,queries,1047
2026-06-03 05:45:14.302323,queries.retry,218
2026-06-03 05:45:14.302323,queries.dlq,12
2026-06-03 05:45:16.306739,queries,1087
2026-06-03 05:45:16.306739,queries.retry,224
2026-06-03 05:45:16.306739,queries.dlq,12
2026-06-03 05:45:18.311536,queries,1127
2026-06-03 05:45:18.311536,queries.retry,230
2026-06-03 05:45:18.311536,queries.dlq,15
2026-06-03 05:45:20.317156,queries,1167
2026-06-03 05:45:20.317156,queries.retry,236
2026-06-03 05:45:20.317156,queries.dlq,19
2026-06-03 05:45:22.322399,queries,1204
2026-06-03 05:45:22.322399,queries.retry,192
2026-06-03 05:45:22.322399,queries.dlq,21
2026-06-03 05:45:24.327480,queries,1244
2026-06-03 05:45:24.327480,queries.retry,198
2026-06-03 05:45:24.327480,queries.dlq,23
2026-06-03 05:45:26.331558,queries,1284
2026-06-03 05:45:26.331558,queries.retry,204
2026-06-03 05:45:26.331558,queries.dlq,26
2026-06-03 05:45:28.335903,queries,1268
2026-06-03 05:45:28.335903,queries.retry,112
2026-06-03 05:45:28.335903,queries.dlq,26
2026-06-03 05:45:30.341150,queries,1273
2026-06-03 05:45:30.341150,queries.retry,104
2026-06-03 05:45:30.341150,queries.dlq,26
2026-06-03 05:45:32.345914,queries,1313
2026-06-03 05:45:32.345914,queries.retry,115
2026-06-03 05:45:32.345914,queries.dlq,26
2026-06-03 05:45:34.349765,queries,1311
2026-06-03 05:45:34.349765,queries.retry,119
2026-06-03 05:45:34.349765,queries.dlq,26
2026-06-03 05:45:36.354172,queries,1351
2026-06-03 05:45:36.354172,queries.retry,131
2026-06-03 05:45:36.354172,queries.dlq,26
2026-06-03 05:45:38.358442,queries,1249
2026-06-03 05:45:38.358442,queries.retry,135
2026-06-03 05:45:38.358442,queries.dlq,26
2026-06-03 05:45:40.362114,queries,1189
2026-06-03 05:45:40.362114,queries.retry,147
2026-06-03 05:45:40.362114,queries.dlq,26
2026-06-03 05:45:42.366624,queries,1179
2026-06-03 05:45:42.366624,queries.retry,158
2026-06-03 05:45:42.366624,queries.dlq,26
2026-06-03 05:45:44.370782,queries,1126
2026-06-03 05:45:44.370782,queries.retry,169
2026-06-03 05:45:44.370782,queries.dlq,27
2026-06-03 05:45:46.376316,queries,1166
2026-06-03 05:45:46.376316,queries.retry,176
2026-06-03 05:45:46.376316,queries.dlq,27
2026-06-03 05:45:48.381201,queries,1206
2026-06-03 05:45:48.381201,queries.retry,184
2026-06-03 05:45:48.381201,queries.dlq,32
2026-06-03 05:45:50.386660,queries,1246
2026-06-03 05:45:50.386660,queries.retry,193
2026-06-03 05:45:50.386660,queries.dlq,37
2026-06-03 05:45:52.393266,queries,1220
2026-06-03 05:45:52.393266,queries.retry,157
2026-06-03 05:45:52.393266,queries.dlq,38
2026-06-03 05:45:54.397759,queries,1160
2026-06-03 05:45:54.397759,queries.retry,118
2026-06-03 05:45:54.397759,queries.dlq,40
2026-06-03 05:45:56.402445,queries,1200
2026-06-03 05:45:56.402445,queries.retry,129
2026-06-03 05:45:56.402445,queries.dlq,43
2026-06-03 05:45:58.408452,queries,1190
2026-06-03 05:45:58.408452,queries.retry,138
2026-06-03 05:45:58.408452,queries.dlq,46
2026-06-03 05:46:00.413672,queries,1207
2026-06-03 05:46:00.413672,queries.retry,98
2026-06-03 05:46:00.413672,queries.dlq,48
2026-06-03 05:46:02.417304,queries,1154
2026-06-03 05:46:02.417304,queries.retry,102
2026-06-03 05:46:02.417304,queries.dlq,49
2026-06-03 05:46:04.420698,queries,1193
2026-06-03 05:46:04.420698,queries.retry,113
2026-06-03 05:46:04.420698,queries.dlq,49
2026-06-03 05:46:06.425251,queries,1098
2026-06-03 05:46:06.425251,queries.retry,110
2026-06-03 05:46:06.425251,queries.dlq,49
2026-06-03 05:46:08.430045,queries,988
2026-06-03 05:46:08.430045,queries.retry,120
2026-06-03 05:46:08.430045,queries.dlq,49
2026-06-03 05:46:10.434270,queries,1028
2026-06-03 05:46:10.434270,queries.retry,128
2026-06-03 05:46:10.434270,queries.dlq,49
2026-06-03 05:46:12.437886,queries,968
2026-06-03 05:46:12.437886,queries.retry,136
2026-06-03 05:46:12.437886,queries.dlq,49
2026-06-03 05:46:14.444632,queries,1008
2026-06-03 05:46:14.444632,queries.retry,144
2026-06-03 05:46:14.444632,queries.dlq,50
2026-06-03 05:46:16.449787,queries,995
2026-06-03 05:46:16.449787,queries.retry,105
2026-06-03 05:46:16.449787,queries.dlq,52
2026-06-03 05:46:18.455429,queries,862
2026-06-03 05:46:18.455429,queries.retry,71
2026-06-03 05:46:18.455429,queries.dlq,52
2026-06-03 05:46:20.459806,queries,902
2026-06-03 05:46:20.459806,queries.retry,80
2026-06-03 05:46:20.459806,queries.dlq,53
2026-06-03 05:46:22.466260,queries,942
2026-06-03 05:46:22.466260,queries.retry,87
2026-06-03 05:46:22.466260,queries.dlq,53
2026-06-03 05:46:24.472124,queries,511
2026-06-03 05:46:24.472124,queries.retry,39
2026-06-03 05:46:24.472124,queries.dlq,56
2026-06-03 05:46:26.477443,queries,357
2026-06-03 05:46:26.477443,queries.retry,20
2026-06-03 05:46:26.477443,queries.dlq,62
2026-06-03 05:46:28.484778,queries,307
2026-06-03 05:46:28.484778,queries.retry,20
2026-06-03 05:46:28.484778,queries.dlq,64
2026-06-03 05:46:30.490243,queries,30
2026-06-03 05:46:30.490243,queries.retry,0
2026-06-03 05:46:30.490243,queries.dlq,65
2026-06-03 05:46:32.495246,queries,70
2026-06-03 05:46:32.495246,queries.retry,0
2026-06-03 05:46:32.495246,queries.dlq,65
2026-06-03 05:46:34.500185,queries,45
2026-06-03 05:46:34.500185,queries.retry,0
2026-06-03 05:46:34.500185,queries.dlq,65
2026-06-03 05:46:36.505085,queries,57
2026-06-03 05:46:36.505085,queries.retry,4
2026-06-03 05:46:36.505085,queries.dlq,65
2026-06-03 05:46:38.510423,queries,60
2026-06-03 05:46:38.510423,queries.retry,3
2026-06-03 05:46:38.510423,queries.dlq,65
2026-06-03 05:46:40.515616,queries,67
2026-06-03 05:46:40.515616,queries.retry,3
2026-06-03 05:46:40.515616,queries.dlq,65
2026-06-03 05:46:42.520163,queries,72
2026-06-03 05:46:42.520163,queries.retry,5
2026-06-03 05:46:42.520163,queries.dlq,67
2026-06-03 05:46:44.524824,queries,48
2026-06-03 05:46:44.524824,queries.retry,4
2026-06-03 05:46:44.524824,queries.dlq,68
2026-06-03 05:46:46.528247,queries,88
2026-06-03 05:46:46.528247,queries.retry,10
2026-06-03 05:46:46.528247,queries.dlq,68
2026-06-03 05:46:48.533328,queries,89
2026-06-03 05:46:48.533328,queries.retry,9
2026-06-03 05:46:48.533328,queries.dlq,70
2026-06-03 05:46:50.538105,queries,57
2026-06-03 05:46:50.538105,queries.retry,8
2026-06-03 05:46:50.538105,queries.dlq,70
2026-06-03 05:46:52.541553,queries,97
2026-06-03 05:46:52.541553,queries.retry,14
2026-06-03 05:46:52.541553,queries.dlq,72
2026-06-03 05:46:54.546513,queries,37
2026-06-03 05:46:54.546513,queries.retry,5
2026-06-03 05:46:54.546513,queries.dlq,72
2026-06-03 05:46:56.550974,queries,77
2026-06-03 05:46:56.550974,queries.retry,10
2026-06-03 05:46:56.550974,queries.dlq,75
2026-06-03 05:46:58.555221,queries,117
2026-06-03 05:46:58.555221,queries.retry,14
2026-06-03 05:46:58.555221,queries.dlq,75
2026-06-03 05:47:00.559570,queries,38
2026-06-03 05:47:00.559570,queries.retry,6
2026-06-03 05:47:00.559570,queries.dlq,75
2026-06-03 05:47:02.563074,queries,78
2026-06-03 05:47:02.563074,queries.retry,12
2026-06-03 05:47:02.563074,queries.dlq,77
2026-06-03 05:47:04.568299,queries,78
2026-06-03 05:47:04.568299,queries.retry,8
2026-06-03 05:47:04.568299,queries.dlq,77
2026-06-03 05:47:06.573096,queries,33
2026-06-03 05:47:06.573096,queries.retry,2
2026-06-03 05:47:06.573096,queries.dlq,78
2026-06-03 05:47:08.578635,queries,73
2026-06-03 05:47:08.578635,queries.retry,5
2026-06-03 05:47:08.578635,queries.dlq,79
2026-06-03 05:47:10.584249,queries,50
2026-06-03 05:47:10.584249,queries.retry,5
2026-06-03 05:47:10.584249,queries.dlq,80
2026-06-03 05:47:12.587330,queries,58
2026-06-03 05:47:12.587330,queries.retry,7
2026-06-03 05:47:12.587330,queries.dlq,82
2026-06-03 05:47:14.591179,queries,98
2026-06-03 05:47:14.591179,queries.retry,12
2026-06-03 05:47:14.591179,queries.dlq,83
2026-06-03 05:47:16.594231,queries,31
2026-06-03 05:47:16.594231,queries.retry,5
2026-06-03 05:47:16.594231,queries.dlq,84
2026-06-03 05:47:18.597499,queries,71
2026-06-03 05:47:18.597499,queries.retry,14
2026-06-03 05:47:18.597499,queries.dlq,86
2026-06-03 05:47:20.602041,queries,84
2026-06-03 05:47:20.602041,queries.retry,15
2026-06-03 05:47:20.602041,queries.dlq,87
2026-06-03 05:47:22.604976,queries,40
2026-06-03 05:47:22.604976,queries.retry,5
2026-06-03 05:47:22.604976,queries.dlq,88
2026-06-03 05:47:24.608886,queries,79
2026-06-03 05:47:24.608886,queries.retry,7
2026-06-03 05:47:24.608886,queries.dlq,88
2026-06-03 05:47:26.612144,queries,41
2026-06-03 05:47:26.612144,queries.retry,8
2026-06-03 05:47:26.612144,queries.dlq,88
2026-06-03 05:47:28.616259,queries,54
2026-06-03 05:47:28.616259,queries.retry,10
2026-06-03 05:47:28.616259,queries.dlq,88
2026-06-03 05:47:30.619757,queries,94
2026-06-03 05:47:30.619757,queries.retry,19
2026-06-03 05:47:30.619757,queries.dlq,91
2026-06-03 05:47:32.622926,queries,73
2026-06-03 05:47:32.622926,queries.retry,17
2026-06-03 05:47:32.622926,queries.dlq,92
2026-06-03 05:47:34.626188,queries,81
2026-06-03 05:47:34.626188,queries.retry,15
2026-06-03 05:47:34.626188,queries.dlq,93
2026-06-03 05:47:36.630099,queries,121
2026-06-03 05:47:36.630099,queries.retry,24
2026-06-03 05:47:36.630099,queries.dlq,93
2026-06-03 05:47:38.633469,queries,76
2026-06-03 05:47:38.633469,queries.retry,15
2026-06-03 05:47:38.633469,queries.dlq,96
2026-06-03 05:47:40.637370,queries,115
2026-06-03 05:47:40.637370,queries.retry,20
2026-06-03 05:47:40.637370,queries.dlq,98
2026-06-03 05:47:42.641079,queries,113
2026-06-03 05:47:42.641079,queries.retry,21
2026-06-03 05:47:42.641079,queries.dlq,98
2026-06-03 05:47:44.644692,queries,93
2026-06-03 05:47:44.644692,queries.retry,19
2026-06-03 05:47:44.644692,queries.dlq,98
2026-06-03 05:47:46.649492,queries,133
2026-06-03 05:47:46.649492,queries.retry,27
2026-06-03 05:47:46.649492,queries.dlq,100
2026-06-03 05:47:48.653235,queries,91
2026-06-03 05:47:48.653235,queries.retry,18
2026-06-03 05:47:48.653235,queries.dlq,103
2026-06-03 05:47:50.656354,queries,101
2026-06-03 05:47:50.656354,queries.retry,16
2026-06-03 05:47:50.656354,queries.dlq,104
2026-06-03 05:47:52.660563,queries,60
2026-06-03 05:47:52.660563,queries.retry,6
2026-06-03 05:47:52.660563,queries.dlq,106
2026-06-03 05:47:54.664116,queries,47
2026-06-03 05:47:54.664116,queries.retry,10
2026-06-03 05:47:54.664116,queries.dlq,108
2026-06-03 05:47:56.668630,queries,87
2026-06-03 05:47:56.668630,queries.retry,19
2026-06-03 05:47:56.668630,queries.dlq,108
2026-06-03 05:47:58.672984,queries,61
2026-06-03 05:47:58.672984,queries.retry,14
2026-06-03 05:47:58.672984,queries.dlq,109
2026-06-03 05:48:00.676773,queries,68
2026-06-03 05:48:00.676773,queries.retry,10
2026-06-03 05:48:00.676773,queries.dlq,112
2026-06-03 05:48:02.680219,queries,108
2026-06-03 05:48:02.680219,queries.retry,17
2026-06-03 05:48:02.680219,queries.dlq,115
2026-06-03 05:48:04.685361,queries,76
2026-06-03 05:48:04.685361,queries.retry,9
2026-06-03 05:48:04.685361,queries.dlq,115
2026-06-03 05:48:06.690511,queries,80
2026-06-03 05:48:06.690511,queries.retry,11
2026-06-03 05:48:06.690511,queries.dlq,119
2026-06-03 05:48:08.695321,queries,91
2026-06-03 05:48:08.695321,queries.retry,16
2026-06-03 05:48:08.695321,queries.dlq,119
2026-06-03 05:48:10.698872,queries,44
2026-06-03 05:48:10.698872,queries.retry,6
2026-06-03 05:48:10.698872,queries.dlq,121
2026-06-03 05:48:12.703242,queries,84
2026-06-03 05:48:12.703242,queries.retry,12
2026-06-03 05:48:12.703242,queries.dlq,122
2026-06-03 05:48:14.707722,queries,49
2026-06-03 05:48:14.707722,queries.retry,3
2026-06-03 05:48:14.707722,queries.dlq,123
2026-06-03 05:48:16.713511,queries,48
2026-06-03 05:48:16.713511,queries.retry,7
2026-06-03 05:48:16.713511,queries.dlq,125
2026-06-03 05:48:18.718734,queries,88
2026-06-03 05:48:18.718734,queries.retry,7
2026-06-03 05:48:18.718734,queries.dlq,125
2026-06-03 05:48:20.723777,queries,24
2026-06-03 05:48:20.723777,queries.retry,2
2026-06-03 05:48:20.723777,queries.dlq,125
2026-06-03 05:48:22.727451,queries,64
2026-06-03 05:48:22.727451,queries.retry,8
2026-06-03 05:48:22.727451,queries.dlq,125
2026-06-03 05:48:24.731620,queries,40
2026-06-03 05:48:24.731620,queries.retry,3
2026-06-03 05:48:24.731620,queries.dlq,126
2026-06-03 05:48:26.735983,queries,44
2026-06-03 05:48:26.735983,queries.retry,3
2026-06-03 05:48:26.735983,queries.dlq,126
2026-06-03 05:48:28.740515,queries,84
2026-06-03 05:48:28.740515,queries.retry,6
2026-06-03 05:48:28.740515,queries.dlq,126
2026-06-03 05:48:30.745119,queries,60
2026-06-03 05:48:30.745119,queries.retry,7
2026-06-03 05:48:30.745119,queries.dlq,128
2026-06-03 05:48:32.750212,queries,72
2026-06-03 05:48:32.750212,queries.retry,14
2026-06-03 05:48:32.750212,queries.dlq,130
2026-06-03 05:48:34.756011,queries,112
2026-06-03 05:48:34.756011,queries.retry,21
2026-06-03 05:48:34.756011,queries.dlq,130
2026-06-03 05:48:36.762493,queries,69
2026-06-03 05:48:36.762493,queries.retry,12
2026-06-03 05:48:36.762493,queries.dlq,131
2026-06-03 05:48:38.765986,queries,108
2026-06-03 05:48:38.765986,queries.retry,18
2026-06-03 05:48:38.765986,queries.dlq,133
2026-06-03 05:48:40.769001,queries,69
2026-06-03 05:48:40.769001,queries.retry,12
2026-06-03 05:48:40.769001,queries.dlq,136
2026-06-03 05:48:42.772460,queries,67
2026-06-03 05:48:42.772460,queries.retry,9
2026-06-03 05:48:42.772460,queries.dlq,136
2026-06-03 05:48:44.775438,queries,107
2026-06-03 05:48:44.775438,queries.retry,14
2026-06-03 05:48:44.775438,queries.dlq,136
2026-06-03 05:48:46.778937,queries,87
2026-06-03 05:48:46.778937,queries.retry,11
2026-06-03 05:48:46.778937,queries.dlq,137
2026-06-03 05:48:48.782643,queries,83
2026-06-03 05:48:48.782643,queries.retry,10
2026-06-03 05:48:48.782643,queries.dlq,140
2026-06-03 05:48:50.786085,queries,80
2026-06-03 05:48:50.786085,queries.retry,15
2026-06-03 05:48:50.786085,queries.dlq,142
2026-06-03 05:48:52.789356,queries,40
2026-06-03 05:48:52.789356,queries.retry,6
2026-06-03 05:48:52.789356,queries.dlq,142
2026-06-03 05:48:54.793647,queries,79
2026-06-03 05:48:54.793647,queries.retry,14
2026-06-03 05:48:54.793647,queries.dlq,143
2026-06-03 05:48:56.798447,queries,98
2026-06-03 05:48:56.798447,queries.retry,19
2026-06-03 05:48:56.798447,queries.dlq,143
